date,open,high,low,close,volume
2024-01-25,39.03,39.04,38.765,38.88,913104
2024-01-24,39.1,39.11,38.75,38.75,1727084
2024-01-23,38.4,38.53,38.31,38.43,1727585
2024-01-22,38.29,38.515,38.24,38.33,2245183
2024-01-19,37.64,38.01,37.56,37.99,2328391
2024-01-18,37.88,37.96,37.67,37.89,2044508
2024-01-17,37.34,37.645,37.25,37.58,3026597
2024-01-16,38.09,38.15,37.86,37.95,4905370
2024-01-12,39.6,39.74,39.21,39.38,2626659
2024-01-11,40.2,40.23,39.29,39.42,4935740
2024-01-10,40.52,40.7,40.485,40.64,1708746
2024-01-09,40.88,40.93,40.555,40.58,2700848
2024-01-08,41.02,41.43,40.915,41.43,2133224
2024-01-05,40.415,40.905,40.415,40.74,1627662
2024-01-04,40.12,40.535,40.1,40.31,1805282
2024-01-03,39.99,40.0863,39.82,40.0,1730401
2024-01-02,40.11,40.28,39.91,40.12,1870422
2023-12-29,40.59,40.635,40.43,40.54,1039351
2023-12-28,40.55,40.695,40.495,40.52,1200526
2023-12-27,40.65,40.77,40.6,40.73,1273631
2023-12-26,40.3,40.65,40.3,40.55,1218516
2023-12-22,39.87,40.29,39.87,40.27,1978216
2023-12-21,39.56,39.73,39.54,39.72,1216129
2023-12-20,39.45,39.585,39.09,39.09,1426734
2023-12-19,39.41,39.525,39.33,39.4,1852056
2023-12-18,39.17,39.195,38.9937,39.05,1096049
2023-12-15,39.01,39.25,38.84,38.85,2722501
2023-12-14,39.28,39.835,39.16,39.64,2557425
2023-12-13,39.23,39.525,38.87,39.48,2052203
2023-12-12,39.17,39.265,39.05,39.26,1783039
2023-12-11,38.88,39.1,38.85,39.0,1671385
2023-12-08,38.95,39.23,38.95,39.21,1911039
2023-12-07,38.59,38.82,38.48,38.82,1589909
2023-12-06,38.93,39.11,38.495,38.52,2122064
2023-12-05,38.23,38.39,38.19,38.19,1331662
2023-12-04,38.27,38.49,38.26,38.35,1291415
2023-12-01,38.23,38.695,38.215,38.66,1688098
2023-11-30,38.33,38.46,38.22,38.43,1563464
2023-11-29,37.9,38.18,37.89,38.03,2068188
2023-11-28,38.63,38.795,38.49,38.59,2009050
2023-11-27,38.56,38.63,38.3922,38.61,2094974
2023-11-24,38.32,38.6699,38.31,38.62,954816
2023-11-22,38.04,38.1,37.835,38.04,2731691
2023-11-21,38.61,38.69,38.505,38.57,1674986
2023-11-20,38.51,38.79,38.48,38.74,1591043
2023-11-17,38.46,38.61,38.36,38.58,1994390
2023-11-16,37.91,38.16,37.89,38.04,1787676
2023-11-15,38.49,38.545,38.335,38.47,2422163
2023-11-14,37.67,37.96,37.65,37.88,2454593
2023-11-13,37.43,37.49,37.24,37.42,2148789
2023-11-10,36.78,37.07,36.625,37.03,1582502
2023-11-09,37.24,37.37,36.885,36.97,2376750
2023-11-08,37.66,37.815,37.425,37.59,1709303
2023-11-07,37.57,37.73,37.425,37.69,1836861
2023-11-06,38.16,38.165,37.81,37.93,2740073
2023-11-03,37.38,37.55,37.28,37.44,2245200
2023-11-02,36.77,37.05,36.71,37.02,2263700
2023-11-01,36.2,36.4,36.02,36.26,2626100
2023-10-31,36.39,36.49,36.07,36.33,3072100
2023-10-30,36.53,36.61,35.3,36.02,6728000
2023-10-27,37.15,37.21,36.59,36.71,3440700
2023-10-26,37.44,37.58,37.13,37.28,2209300
2023-10-25,37.68,37.79,37.51,37.58,1551900
2023-10-24,37.54,37.78,37.48,37.68,1320500
2023-10-23,37.64,37.95,37.55,37.69,1394800
2023-10-20,37.94,38.07,37.62,37.69,3502100
2023-10-19,39.17,39.41,39.01,39.11,2447200
2023-10-18,40.05,40.1,39.61,39.67,1744000
2023-10-17,39.8,40.34,39.8,40.09,1343400
2023-10-16,40.04,40.15,39.8,40.09,1244000
2023-10-13,40.0,40.22,39.66,39.75,2192900
2023-10-12,40.47,40.51,40.14,40.3,1243900
2023-10-11,40.82,40.94,40.62,40.83,1417300
2023-10-10,40.55,40.63,40.36,40.53,2378800
2023-10-09,39.56,39.88,39.48,39.76,1699400
2023-10-06,40.03,40.58,39.86,40.48,2522100
2023-10-05,39.18,39.82,39.17,39.78,2021700
2023-10-04,39.37,39.39,38.92,39.31,1748900
2023-10-03,39.61,39.65,39.13,39.32,3028800
2023-10-02,39.42,39.45,38.9,39.02,2230400
2023-09-29,39.93,39.96,39.41,39.46,1376100
2023-09-28,39.3,39.77,39.28,39.68,1577700
2023-09-27,39.18,39.19,38.87,39.16,1314200
2023-09-26,39.16,39.36,38.91,38.97,1123500
2023-09-25,39.21,39.46,39.05,39.42,1677500
2023-09-22,40.05,40.05,39.46,39.54,2023500
2023-09-21,39.52,39.64,39.25,39.26,1513400
2023-09-20,39.51,39.74,39.09,39.11,1629500
2023-09-19,39.35,39.47,39.28,39.45,1332900
2023-09-18,39.16,39.17,38.84,39.02,1618700
2023-09-15,39.39,39.63,39.27,39.27,2105400
2023-09-14,39.28,39.53,39.26,39.37,2556000
2023-09-13,38.72,38.91,38.51,38.54,2449900
2023-09-12,37.58,38.11,37.57,37.9,3020400
2023-09-11,37.39,37.57,37.34,37.47,1911500
2023-09-08,36.73,37.0,36.65,36.97,1665200
2023-09-07,37.09,37.2,36.86,36.87,1789700
2023-09-06,36.98,37.17,36.88,36.98,1655200
2023-09-05,37.64,37.76,37.22,37.22,1501700
2023-09-01,37.64,37.79,37.49,37.55,1519000
2023-08-31,37.75,37.77,37.27,37.32,2543100
2023-08-30,38.29,38.48,38.0,38.01,1667800
2023-08-29,37.9,38.21,37.89,38.21,1503800
2023-08-28,37.71,38.02,37.69,37.96,1140500
2023-08-25,37.77,37.8,37.31,37.51,1403400
2023-08-24,37.66,37.88,37.55,37.55,1136200
2023-08-23,37.38,37.67,37.34,37.61,1333000
2023-08-22,37.64,37.7,37.34,37.38,2130000
2023-08-21,37.68,37.78,37.49,37.75,1678900
2023-08-18,37.37,37.74,37.32,37.66,1987400
2023-08-17,38.33,38.43,37.92,37.93,2378900
2023-08-16,38.05,38.2,37.94,37.99,2390100
2023-08-15,38.99,38.99,38.58,38.62,2943300
2023-08-14,39.57,39.81,39.33,39.78,1320900
2023-08-11,40.0,40.26,39.96,40.11,1636300
2023-08-10,40.48,40.78,40.28,40.38,1511900
2023-08-09,40.71,41.03,40.67,40.79,1796400
2023-08-08,40.63,40.95,40.38,40.91,1523400
2023-08-07,41.4,41.55,41.14,41.52,1948400
2023-08-04,40.83,41.1,40.69,40.79,1677900
2023-08-03,40.63,41.01,40.54,40.99,1686200
2023-08-02,41.09,41.15,40.53,40.66,2322700
2023-08-01,42.17,42.47,41.85,42.21,2126700
2023-07-31,41.95,42.05,41.67,41.78,1429000
2023-07-28,41.79,41.84,41.62,41.73,1221700
2023-07-27,41.47,41.58,41.2,41.22,1661600
2023-07-26,41.56,42.05,41.56,41.91,1500900
2023-07-25,41.55,41.67,41.45,41.54,1331400
2023-07-24,41.1,41.48,41.1,41.37,1082900
2023-07-21,41.58,41.58,41.36,41.37,1102400
2023-07-20,41.27,41.46,41.17,41.4,1506400
2023-07-19,40.78,40.91,40.68,40.79,1564900
2023-07-18,40.54,41.02,40.51,40.96,1689400
2023-07-17,40.57,40.75,40.53,40.73,1399600
2023-07-14,40.56,40.63,40.27,40.36,1255200
2023-07-13,40.49,40.59,40.35,40.55,1500300
2023-07-12,39.87,40.21,39.79,40.09,1920100
2023-07-11,39.01,39.09,38.86,39.05,1272700
2023-07-10,38.99,39.24,38.95,39.09,1309100
2023-07-07,39.0,39.46,38.99,39.27,1403400
2023-07-06,39.18,39.21,38.78,39.0,1328100
2023-07-05,39.65,39.72,39.52,39.57,1510300
2023-07-03,39.83,40.05,39.76,39.95,1284300
2023-06-30,39.75,39.84,39.59,39.62,1801300
2023-06-29,38.89,39.27,38.88,39.22,1141000
2023-06-28,38.87,38.95,38.76,38.9,1174400
2023-06-27,38.8,39.07,38.67,39.01,1164600
2023-06-26,38.4,38.64,38.4,38.47,945800
2023-06-23,38.27,38.49,38.16,38.23,1296600
2023-06-22,38.83,38.9,38.65,38.7,1427000
2023-06-21,39.19,39.49,39.17,39.42,1151000
2023-06-20,39.39,39.42,39.14,39.37,1260800
2023-06-16,39.18,39.33,39.06,39.18,1701400
2023-06-15,38.84,39.08,38.78,39.05,1696000
2023-06-14,38.89,39.14,38.55,38.65,1912500
2023-06-13,38.36,38.68,38.34,38.46,1587100
2023-06-12,38.19,38.24,37.91,38.09,1236400
2023-06-09,38.23,38.47,38.19,38.45,828100
2023-06-08,38.45,38.51,38.21,38.45,1066800
2023-06-07,38.59,38.59,38.3,38.38,1584500
2023-06-06,37.75,38.2,37.7,38.2,1198300
2023-06-05,37.92,37.96,37.57,37.73,1090700
2023-06-02,37.81,37.88,37.71,37.82,1331700
2023-06-01,36.99,37.51,36.99,37.42,1628700
2023-05-31,36.96,36.98,36.64,36.82,1714700
2023-05-30,37.61,37.66,37.2,37.42,1225800
2023-05-26,37.76,37.95,37.69,37.82,1267000
2023-05-25,37.67,37.72,37.32,37.58,1834600
2023-05-24,37.34,37.41,37.09,37.2,2413900
2023-05-23,38.32,38.54,38.15,38.16,1297800
2023-05-22,38.49,38.6,38.38,38.53,1070100
2023-05-19,38.38,38.5,38.08,38.32,1184800
2023-05-18,38.4,38.4,37.98,38.25,1735600
2023-05-17,37.86,38.14,37.71,37.97,1278400
2023-05-16,38.16,38.28,37.79,37.84,1400000
2023-05-15,38.24,38.59,38.16,38.44,1656800
2023-05-12,37.72,37.81,37.38,37.5,1141100
2023-05-11,37.09,37.52,36.97,37.45,1722000
2023-05-10,38.39,38.39,37.83,38.11,1620500
2023-05-09,37.76,38.07,37.72,37.98,1620600
2023-05-08,38.19,38.44,38.15,38.19,1855600
2023-05-05,37.66,38.34,37.59,38.2,2833500
2023-05-04,37.42,37.55,36.72,37.04,2912400
2023-05-03,37.41,37.57,37.02,37.06,2890500
2023-05-02,37.74,37.84,36.83,37.07,2854800
2023-05-01,36.24,36.33,35.81,35.83,1172400
2023-04-28,35.68,36.14,35.65,36.05,1763700
2023-04-27,35.95,36.26,35.9,36.23,2536400
2023-04-26,35.52,35.87,35.43,35.55,3571400
2023-04-25,35.27,35.33,34.89,34.93,2377800
2023-04-24,35.78,35.96,35.7,35.85,1704000
2023-04-21,35.48,35.73,35.3,35.69,1393300
2023-04-20,35.72,35.99,35.72,35.93,1118300
2023-04-19,35.69,35.93,35.65,35.87,1757900
2023-04-18,35.91,35.98,35.7,35.8,1957000
2023-04-17,35.78,36.09,35.6,36.08,2079200
2023-04-14,36.53,36.69,36.26,36.34,2247500
2023-04-13,35.5,35.72,35.37,35.67,1259600
2023-04-12,35.25,35.32,35.02,35.09,2040400
2023-04-11,34.95,35.1,34.92,34.99,1291800
2023-04-10,35.23,35.35,35.01,35.13,1226900
2023-04-06,34.83,35.3,34.82,35.18,1420300
2023-04-05,34.56,34.75,34.41,34.69,1184100
2023-04-04,34.94,34.97,34.4,34.65,1297900
2023-04-03,34.7,34.91,34.56,34.72,1168000
2023-03-31,34.13,34.22,33.99,34.13,1716500
2023-03-30,34.56,34.56,34.24,34.29,1263000
2023-03-29,34.2,34.35,34.07,34.22,2183500
2023-03-28,33.32,33.62,33.25,33.46,1620200
2023-03-27,33.41,33.65,33.3,33.64,2071800
2023-03-24,32.63,33.08,32.41,33.08,3583900
2023-03-23,34.06,34.22,33.23,33.48,3164000
2023-03-22,34.95,34.95,34.3,34.3,3846800
2023-03-21,33.99,34.3,33.86,33.93,2954300
2023-03-20,32.93,33.47,32.9,33.25,3593200
2023-03-17,33.1,33.39,32.84,33.08,3440100
2023-03-16,33.29,34.49,33.29,34.49,4600400
2023-03-15,32.93,33.87,32.91,33.79,8781700
2023-03-14,35.19,35.39,34.89,35.13,3802000
2023-03-13,34.2,35.02,34.19,34.6,7471500
2023-03-10,35.54,35.86,35.14,35.31,5830700
2023-03-09,37.09,37.26,36.63,36.72,2448600
2023-03-08,37.4,37.67,37.19,37.34,1990700
2023-03-07,37.48,37.49,36.87,37.01,2364200
2023-03-06,36.88,37.28,36.85,37.2,1588000
2023-03-03,36.91,37.25,36.88,37.24,1649300
2023-03-02,36.89,37.03,36.62,36.97,2147900
2023-03-01,38.38,38.53,38.24,38.35,3010800
2023-02-28,38.58,38.59,38.29,38.31,2455800
2023-02-27,38.07,38.2,37.94,37.98,2037100
2023-02-24,37.85,38.09,37.83,38.02,1695600
2023-02-23,38.0,38.13,37.78,37.98,2433200
2023-02-22,38.46,38.59,38.24,38.27,2996600
2023-02-21,39.21,39.63,38.99,39.04,4068200
2023-02-17,37.09,37.4,37.02,37.34,2052200
2023-02-16,36.87,37.28,36.87,37.1,1749900
2023-02-15,36.66,36.89,36.62,36.88,1491800
2023-02-14,36.83,37.29,36.81,37.22,1525500
2023-02-13,37.06,37.3,37.05,37.27,1089000
2023-02-10,36.95,36.97,36.75,36.85,1930000
2023-02-09,37.68,37.72,37.21,37.23,2354300
2023-02-08,36.9,36.99,36.81,36.85,1965800
2023-02-07,36.17,36.59,36.15,36.48,2097700
2023-02-06,35.76,35.92,35.64,35.92,1884300
2023-02-03,36.09,36.31,35.95,35.99,2246400
2023-02-02,36.53,36.53,36.07,36.23,2479500
2023-02-01,36.72,37.15,36.65,36.94,3349700
2023-01-31,36.77,36.95,36.63,36.94,1833400
2023-01-30,37.13,37.32,37.06,37.06,1641500
2023-01-27,37.22,37.35,37.04,37.15,1817500
2023-01-26,37.19,37.5,37.05,37.48,1537300
2023-01-25,36.75,37.14,36.74,37.08,2121000
2023-01-24,36.52,36.79,36.41,36.69,1779200
2023-01-23,36.61,36.82,36.59,36.82,2103000
2023-01-20,36.47,36.85,36.41,36.84,1985200
2023-01-19,35.88,36.42,35.88,36.39,2288600
2023-01-18,36.55,36.65,36.18,36.18,2902300
2023-01-17,36.5,36.55,36.1,36.3,2010900
2023-01-13,35.71,36.2,35.67,36.15,3153400
2023-01-12,35.54,35.61,35.21,35.42,2882600
2023-01-11,34.58,34.67,34.53,34.6,1409800
2023-01-10,34.34,34.41,34.17,34.39,1531600
2023-01-09,34.24,34.39,34.16,34.16,1903800
2023-01-06,33.78,34.34,33.67,34.31,2431800
2023-01-05,33.41,33.91,33.36,33.76,4549400
2023-01-04,32.62,32.77,32.48,32.68,2680100
2023-01-03,31.69,31.89,31.51,31.63,2033300
2022-12-30,31.06,31.27,31.05,31.16,891900
2022-12-29,31.2,31.29,31.17,31.21,1522900
2022-12-28,31.45,31.5,31.02,31.03,1664300
2022-12-27,30.98,31.13,30.93,31.07,981200
2022-12-23,30.75,30.94,30.64,30.94,1014900
2022-12-22,30.89,30.94,30.5,30.78,2211400
2022-12-21,30.78,30.92,30.75,30.85,1688300
2022-12-20,30.33,30.61,30.31,30.46,2069800
2022-12-19,30.0,30.24,29.8,29.96,2118600
2022-12-16,29.79,29.97,29.63,29.88,2575800
2022-12-15,30.18,30.22,29.87,29.97,2249500
2022-12-14,30.92,30.93,30.52,30.62,2142400
2022-12-13,31.19,31.27,30.69,30.85,3498200
2022-12-12,30.37,30.52,30.25,30.46,2446600
2022-12-09,30.47,30.59,30.36,30.36,1685700
2022-12-08,30.27,30.41,30.15,30.23,1531700
2022-12-07,30.26,30.43,30.06,30.07,1749600
2022-12-06,30.57,30.73,30.27,30.37,2142200
2022-12-05,30.77,30.84,30.34,30.4,2349200
2022-12-02,30.32,30.66,30.32,30.58,2012600
2022-12-01,30.85,30.88,30.49,30.55,1778700
2022-11-30,30.69,30.89,30.28,30.86,2853900
2022-11-29,30.55,30.87,30.44,30.48,3336900
2022-11-28,29.43,29.57,29.27,29.28,2028100
2022-11-25,29.64,29.8,29.58,29.72,756600
2022-11-23,29.33,29.56,29.31,29.47,2596500
2022-11-22,28.85,29.14,28.81,28.95,1887400
2022-11-21,28.72,28.77,28.51,28.75,2024400
2022-11-18,28.67,28.69,28.44,28.55,1711600
2022-11-17,28.12,28.59,28.11,28.58,2385600
2022-11-16,28.41,28.46,28.23,28.27,2114800
2022-11-15,28.88,28.88,28.1,28.25,2694200
2022-11-14,28.36,28.48,28.14,28.19,2350900
2022-11-11,27.94,28.13,27.77,28.05,2447200
2022-11-10,27.65,27.86,27.48,27.85,3333500
2022-11-09,27.36,27.46,27.12,27.14,2022300
2022-11-08,27.7,27.92,27.6,27.73,2163800
2022-11-07,27.52,27.76,27.5,27.58,3729800
2022-11-04,27.66,28.24,27.47,28.16,8836000
2022-11-03,25.62,26.0,25.62,25.89,3008900
2022-11-02,26.28,26.63,26.08,26.1,2955900
2022-11-01,26.66,26.69,26.33,26.44,2607800
2022-10-31,25.65,26.22,25.64,25.91,2504400
2022-10-28,25.75,25.97,25.61,25.93,2461100
2022-10-27,26.19,26.44,25.98,26.04,2919900
2022-10-26,25.76,26.1,25.73,25.91,3709200
2022-10-25,25.73,25.9,25.49,25.69,4817900
2022-10-24,26.72,27.09,26.71,26.94,2830000
2022-10-21,26.47,27.24,26.4,27.22,3277200
2022-10-20,26.85,27.17,26.55,26.62,2615100
2022-10-19,26.91,26.96,26.5,26.64,3439100
2022-10-18,26.92,26.96,26.46,26.7,3525100
2022-10-17,27.1,27.3,26.8,26.82,4804500
2022-10-14,26.19,26.46,25.8,25.82,4186300
2022-10-13,25.6,26.5,25.43,26.32,5743700
2022-10-12,24.86,25.22,24.77,25.01,3333900
2022-10-11,25.49,25.68,25.0,25.1,4396800
2022-10-10,26.06,26.11,25.68,25.74,2687700
2022-10-07,26.31,26.36,26.05,26.15,3246700
2022-10-06,26.66,26.77,26.35,26.39,2977400
2022-10-05,26.82,27.12,26.63,27.01,3781600
2022-10-04,27.45,27.85,27.37,27.74,4922200
2022-10-03,26.17,26.46,25.92,26.29,3447300
2022-09-30,26.13,26.48,26.04,26.07,3619600
2022-09-29,25.85,26.17,25.63,26.03,4292400
2022-09-28,25.81,26.71,25.77,26.58,5211000
2022-09-27,27.04,27.16,26.56,26.68,4441000
2022-09-26,27.16,27.48,26.81,27.04,5073500
2022-09-23,28.43,28.46,27.91,28.16,4424600
2022-09-22,29.52,29.57,29.1,29.22,2993400
2022-09-21,30.1,30.12,29.46,29.46,3873700
2022-09-20,30.59,30.68,30.22,30.39,3127700
2022-09-19,30.22,30.58,30.12,30.54,1455300
2022-09-16,30.34,30.52,30.26,30.46,3194900
2022-09-15,30.41,30.87,30.4,30.67,2792500
2022-09-14,30.24,30.44,30.11,30.33,2851600
2022-09-13,30.7,30.99,30.44,30.48,3375200
2022-09-12,31.42,31.75,31.38,31.47,2610600
2022-09-09,30.74,30.96,30.56,30.9,2808700
2022-09-08,30.16,30.61,30.08,30.57,2542000
2022-09-07,29.91,30.44,29.85,30.38,2869100
2022-09-06,31.14,31.17,30.59,30.76,2318600
2022-09-02,30.87,31.22,30.52,30.59,3025200
2022-09-01,30.4,30.46,30.06,30.38,3027200
2022-08-31,30.88,31.15,30.8,30.83,2349500
2022-08-30,31.38,31.41,30.87,30.92,2613400
2022-08-29,30.87,31.27,30.75,31.14,1731700
2022-08-26,31.45,31.52,30.85,30.86,2407300
2022-08-25,30.9,31.19,30.83,31.17,1612200
2022-08-24,30.73,31.02,30.6,30.85,2511000
2022-08-23,31.39,31.61,31.35,31.41,2154800
2022-08-22,31.78,31.9,31.67,31.72,3396400
2022-08-19,31.88,31.95,31.63,31.81,3512100
2022-08-18,32.59,32.59,32.32,32.41,1503500
2022-08-17,32.82,33.07,32.74,33.04,2483500
2022-08-16,33.22,33.44,33.19,33.4,1925700
2022-08-15,33.11,33.22,32.89,33.15,1547800
2022-08-12,33.46,33.63,33.31,33.61,1800000
2022-08-11,33.5,33.65,33.39,33.5,1794600
2022-08-10,33.24,33.47,33.19,33.29,2242300
2022-08-09,33.44,33.68,33.32,33.45,2491000
2022-08-08,33.16,33.23,32.92,32.94,1880000
2022-08-05,32.45,32.83,32.42,32.81,2076800
2022-08-04,32.76,32.87,32.66,32.71,2075900
2022-08-03,32.84,33.05,32.66,32.85,3096600
2022-08-02,32.85,32.89,32.42,32.45,3163500
2022-08-01,33.56,33.79,33.11,33.44,4101300
2022-07-29,31.0,31.44,30.93,31.4,2889600
2022-07-28,31.42,31.45,31.09,31.39,2198900
2022-07-27,31.62,32.01,31.54,31.95,1954900
2022-07-26,31.55,31.68,31.32,31.4,1805900
2022-07-25,31.77,31.93,31.61,31.83,2377700
2022-07-22,30.99,31.22,30.78,30.92,2030300
2022-07-21,30.69,31.35,30.63,31.33,3096300
2022-07-20,31.1,31.18,30.74,30.94,2292500
2022-07-19,31.37,31.61,31.28,31.57,3802300
2022-07-18,31.14,31.36,30.92,31.01,2759300
2022-07-15,30.31,30.72,30.08,30.65,3333600
2022-07-14,30.42,30.43,30.12,30.36,3100200
2022-07-13,31.34,31.49,30.96,31.37,2714900
2022-07-12,31.0,31.62,30.95,31.35,1780400
2022-07-11,31.49,31.64,31.32,31.4,1796300
2022-07-08,31.59,31.76,31.4,31.58,2530700
2022-07-07,31.89,32.24,31.89,32.06,2065700
2022-07-06,30.96,31.26,30.74,31.15,2938800
2022-07-05,31.42,31.63,31.08,31.61,3098200
2022-07-01,32.2,32.72,31.96,32.68,2408600
2022-06-30,32.48,32.69,32.1,32.67,2993000
2022-06-29,33.68,33.68,33.31,33.39,2489400
2022-06-28,33.35,33.57,32.96,33.0,2518200
2022-06-27,33.05,33.23,32.87,32.92,2366700
2022-06-24,32.69,33.05,32.66,33.03,2794900
2022-06-23,32.69,32.71,31.97,32.34,4017800
2022-06-22,32.5,32.93,32.47,32.65,3801700
2022-06-21,33.29,33.3,32.91,33.13,5026700
2022-06-17,31.4,31.56,30.77,30.97,3755800
2022-06-16,31.48,31.77,31.23,31.63,3725400
2022-06-15,32.25,32.36,31.69,32.16,6107700
2022-06-14,31.3,31.41,30.9,31.14,3902700
2022-06-13,30.63,30.9,30.4,30.67,3884000
2022-06-10,31.13,31.17,30.68,30.81,3630000
2022-06-09,32.24,32.28,31.77,31.78,2970300
2022-06-08,32.75,32.82,32.38,32.5,2459400
2022-06-07,33.17,33.49,33.13,33.46,2043700
2022-06-06,33.69,33.81,33.28,33.38,2501700
2022-06-03,33.13,33.24,32.93,32.97,1392800
2022-06-02,33.14,33.37,32.95,33.37,2196800
2022-06-01,33.56,33.57,32.94,33.14,3110700
2022-05-31,33.38,33.71,33.36,33.46,2807300
2022-05-27,33.66,33.76,33.41,33.69,2965500
2022-05-26,32.9,33.16,32.9,33.01,2182200
2022-05-25,32.75,33.08,32.52,32.82,3248800
2022-05-24,32.57,32.84,32.31,32.72,4758100
2022-05-23,31.24,31.67,31.22,31.4,3245800
2022-05-20,31.12,31.12,30.28,30.75,2594400
2022-05-19,30.24,30.67,30.22,30.52,3837700
2022-05-18,30.74,31.04,30.5,30.57,3369500
2022-05-17,31.33,31.52,31.18,31.41,2550300
2022-05-16,30.58,30.98,30.41,30.78,2296100
2022-05-13,30.33,30.78,30.26,30.71,3412100
2022-05-12,29.68,29.9,29.17,29.55,3934300
2022-05-11,30.78,31.16,30.25,30.28,3784200
2022-05-10,30.96,31.01,30.25,30.75,3512000
2022-05-09,30.68,30.74,30.31,30.43,2807500
2022-05-06,31.17,31.32,30.9,31.25,3494400
2022-05-05,31.74,31.9,31.22,31.44,4131000
2022-05-04,32.43,33.01,32.16,32.95,3330500
2022-05-03,31.99,32.35,31.8,32.18,3745300
2022-05-02,31.01,31.13,30.5,30.89,3269500
2022-04-29,30.83,32.31,30.81,31.01,7099700
2022-04-28,30.72,31.12,30.42,31.0,3834200
2022-04-27,30.52,30.64,30.26,30.44,4292300
2022-04-26,30.64,30.71,29.84,29.84,4482500
2022-04-25,32.34,32.44,31.77,32.38,5241500
2022-04-22,33.88,33.91,33.42,33.44,3284000
2022-04-21,34.99,35.06,34.43,34.51,2682700
2022-04-20,35.08,35.24,34.85,34.97,2394800
2022-04-19,34.11,34.38,34.09,34.36,1948900
2022-04-18,33.85,34.12,33.8,33.89,1827900
2022-04-14,33.97,34.13,33.85,33.94,1913500
2022-04-13,33.84,33.97,33.69,33.96,2423000
2022-04-12,33.91,34.12,33.42,33.51,2794200
2022-04-11,34.75,34.92,34.54,34.62,2037000
2022-04-08,34.24,34.62,34.23,34.53,2310600
2022-04-07,34.31,34.45,33.95,34.37,2782600
2022-04-06,33.98,34.42,33.87,34.22,2678600
2022-04-05,34.44,34.68,34.27,34.35,2355100
2022-04-04,34.33,34.67,34.22,34.49,2898200
2022-04-01,34.55,34.65,34.34,34.64,3289800
2022-03-31,34.62,34.69,34.21,34.22,2957600
2022-03-30,34.73,34.79,34.41,34.48,3072800
2022-03-29,34.7,34.73,34.23,34.44,3999800
2022-03-28,34.24,34.25,33.8,34.0,3175400
2022-03-25,34.16,34.38,34.07,34.21,2542000
2022-03-24,34.03,34.23,33.87,34.09,3090800
2022-03-23,33.65,33.89,33.51,33.53,2505300
2022-03-22,34.5,34.51,34.06,34.11,3521500
2022-03-21,33.11,33.21,32.94,33.0,2565400
2022-03-18,32.77,33.26,32.66,33.2,2779800
2022-03-17,32.73,33.27,32.56,33.21,3564400
2022-03-16,32.14,32.69,32.05,32.68,5315900
2022-03-15,31.56,31.62,31.25,31.55,4005600
2022-03-14,31.68,32.3,31.63,31.83,3916700
2022-03-11,31.47,31.62,31.11,31.12,3817900
2022-03-10,31.34,31.47,30.94,31.27,4566300
2022-03-09,32.26,32.45,31.97,32.18,5773100
2022-03-08,31.58,32.02,30.9,31.37,9003900
2022-03-07,31.32,31.43,30.45,30.59,7470900
2022-03-04,31.54,31.62,30.88,31.23,8133600
2022-03-03,33.74,33.87,33.08,33.25,5163100
2022-03-02,33.71,34.23,33.61,34.05,4761200
2022-03-01,33.81,33.95,32.83,33.16,5927000
2022-02-28,33.87,34.61,33.87,34.54,5365000
2022-02-25,35.71,36.31,35.65,36.27,4604800
2022-02-24,34.51,34.91,33.87,34.89,6802700
2022-02-23,37.33,37.54,36.83,36.95,3071600
2022-02-22,37.01,37.35,36.84,37.09,3822800
2022-02-18,36.84,37.05,36.73,36.81,2640800
2022-02-17,36.58,36.75,36.33,36.5,2774900
2022-02-16,36.91,37.34,36.9,37.16,3136200
2022-02-15,37.49,37.63,37.3,37.42,3000400
2022-02-14,37.85,37.9,37.29,37.53,4692300
2022-02-11,38.09,38.61,37.72,37.81,4949900
2022-02-10,37.87,38.24,37.77,37.86,2859100
2022-02-09,37.97,38.08,37.78,37.8,2899500
2022-02-08,38.17,38.31,38.03,38.25,3140900
2022-02-07,37.42,37.72,37.27,37.55,3049700
2022-02-04,36.74,37.2,36.68,37.1,2795200
2022-02-03,37.38,37.49,36.87,36.94,2805000
2022-02-02,37.02,37.3,36.93,37.23,2329200
2022-02-01,36.43,36.93,36.41,36.88,3328200
2022-01-31,35.68,35.69,35.3,35.57,2249700
2022-01-28,35.5,35.52,35.04,35.45,2849200
2022-01-27,36.39,36.6,35.56,35.75,4901600
2022-01-26,35.4,35.45,34.8,35.06,3493100
2022-01-25,34.13,34.68,33.75,34.5,4603900
2022-01-24,33.44,33.54,32.81,33.53,4612900
2022-01-21,34.14,34.24,33.78,33.87,3353700
2022-01-20,34.49,34.82,34.27,34.31,2378700
2022-01-19,35.02,35.11,34.69,34.77,2679300
2022-01-18,35.02,35.16,34.91,35.03,3340200
2022-01-14,35.1,35.38,35.02,35.35,4301000
2022-01-13,34.88,35.27,34.84,35.0,3744200
2022-01-12,34.15,34.34,34.1,34.28,2810300
2022-01-11,33.52,33.76,33.42,33.73,2904500
2022-01-10,33.37,33.4,33.2,33.33,2926000
2022-01-07,32.55,32.84,32.52,32.74,2878200
2022-01-06,32.33,32.48,32.22,32.45,4006200
2022-01-05,31.69,31.9,31.53,31.55,4292600
2022-01-04,31.7,31.99,31.68,31.82,4272000
2022-01-03,30.38,30.6,30.33,30.45,1706000
2021-12-31,30.17,30.26,30.06,30.15,692400
2021-12-30,30.28,30.41,30.14,30.17,1997400
2021-12-29,30.27,30.35,30.14,30.22,2267500
2021-12-28,29.89,30.32,29.89,30.15,2098400
2021-12-27,29.94,30.11,29.75,30.07,1317200
2021-12-23,29.89,30.1,29.85,29.87,1770600
2021-12-22,29.48,29.65,29.42,29.6,1929200
2021-12-21,29.35,29.49,29.34,29.36,1913200
2021-12-20,29.36,29.4,29.06,29.29,2619600
2021-12-17,29.65,29.66,29.27,29.3,2604700
2021-12-16,29.77,29.9,29.59,29.67,3064000
2021-12-15,28.96,28.96,28.53,28.78,1881500
2021-12-14,28.62,28.94,28.62,28.73,2015300
2021-12-13,28.74,28.76,28.38,28.41,2000500
2021-12-10,29.09,29.12,28.92,29.09,1100100
2021-12-09,28.99,29.13,28.87,29.08,1375200
2021-12-08,29.11,29.26,29.01,29.05,1343500
2021-12-07,29.17,29.39,29.13,29.31,2063000
2021-12-06,28.85,28.99,28.76,28.83,2310700
2021-12-03,28.67,28.76,28.24,28.42,3418200
2021-12-02,28.44,28.82,28.41,28.66,2695000
2021-12-01,28.37,28.54,27.84,27.85,2640300
2021-11-30,27.83,27.91,27.55,27.68,2810800
2021-11-29,28.06,28.13,27.62,27.84,2181700
2021-11-26,27.97,28.01,27.51,27.77,2290500
2021-11-24,29.47,29.66,29.46,29.61,1182100
2021-11-23,29.65,29.8,29.51,29.62,1917500
2021-11-22,29.09,29.32,29.06,29.1,1803200
2021-11-19,28.97,29.15,28.78,29.1,1704800
2021-11-18,29.58,29.65,29.44,29.54,1448000
2021-11-17,29.78,29.8,29.5,29.55,1477400
2021-11-16,29.51,29.66,29.42,29.49,2000600
2021-11-15,29.24,29.36,29.18,29.28,2193400
2021-11-12,28.93,29.07,28.9,29.0,1607500
2021-11-11,29.0,29.09,28.93,28.99,1176400
2021-11-10,29.1,29.22,28.87,28.9,1367100
2021-11-09,29.13,29.19,28.95,29.03,1372900
2021-11-08,29.46,29.62,29.24,29.25,1727400
2021-11-05,29.57,29.68,29.27,29.32,1910000
2021-11-04,29.5,29.52,29.02,29.25,2614200
2021-11-03,30.05,30.45,30.05,30.3,1515100
2021-11-02,29.97,30.24,29.84,30.2,1740900
2021-11-01,30.4,30.58,30.36,30.56,1578900
2021-10-29,30.34,30.4,29.98,30.07,1915000
2021-10-28,30.37,30.54,30.27,30.41,1379700
2021-10-27,30.52,30.77,30.34,30.42,1467400
2021-10-26,30.65,30.89,30.63,30.72,2716500
2021-10-25,30.29,30.54,30.22,30.5,1997600
2021-10-22,29.95,30.14,29.85,30.02,1716200
2021-10-21,30.0,30.1,29.88,30.0,1819500
2021-10-20,29.6,30.02,29.57,29.94,1384200
2021-10-19,29.84,29.89,29.75,29.86,1212600
2021-10-18,29.68,29.79,29.61,29.66,1546600
2021-10-15,29.86,30.06,29.58,29.97,2610400
2021-10-14,29.33,29.4,29.07,29.19,1490600
2021-10-13,28.99,29.13,28.73,29.02,2487900
2021-10-12,28.98,29.15,28.89,29.03,2691700
2021-10-11,29.16,29.38,28.79,28.8,4698900
2021-10-08,28.41,28.62,28.37,28.47,2074200
2021-10-07,28.36,28.46,28.15,28.18,3388700
2021-10-06,27.65,27.79,27.42,27.71,4313400
2021-10-05,26.56,26.96,26.44,26.88,2813300
2021-10-04,26.29,26.54,26.05,26.1,2126400
2021-10-01,26.21,26.52,26.1,26.38,1606800
2021-09-30,26.43,26.48,26.07,26.15,1892900
2021-09-29,26.41,26.48,26.13,26.34,1861800
2021-09-28,26.35,26.45,25.85,25.96,2417900
2021-09-27,26.26,26.59,26.24,26.5,2423200
2021-09-24,25.66,25.79,25.56,25.76,2694500
2021-09-23,25.61,25.96,25.6,25.84,2745600
2021-09-22,25.43,25.69,25.36,25.37,3379300
2021-09-21,24.87,24.89,24.4,24.53,3544300
2021-09-20,25.16,25.16,24.31,24.61,5179100
2021-09-17,26.16,26.2,25.72,25.75,3307300
2021-09-16,25.76,25.8,25.39,25.49,2080200
2021-09-15,25.74,25.91,25.68,25.75,1969000
2021-09-14,26.24,26.26,25.61,25.64,2382100
2021-09-13,26.24,26.43,26.17,26.33,1314200
2021-09-10,26.18,26.18,25.92,25.98,1779700
2021-09-09,25.96,26.23,25.88,25.99,1619900
2021-09-08,26.26,26.31,26.07,26.09,1950300
2021-09-07,26.32,26.57,26.24,26.25,2102600
2021-09-03,26.6,26.74,26.56,26.61,1667400
2021-09-02,26.52,26.81,26.49,26.62,1490300
2021-09-01,26.76,26.79,26.59,26.67,1531300
2021-08-31,26.43,26.74,26.39,26.44,2204500
2021-08-30,27.14,27.14,26.68,26.68,1407200
2021-08-27,26.96,27.19,26.93,27.15,1392000
2021-08-26,27.33,27.36,26.95,26.97,1541500
2021-08-25,27.23,27.5,27.08,27.39,1626200
2021-08-24,26.66,26.93,26.66,26.88,2600500
2021-08-23,27.03,27.24,27.01,27.17,1712400
2021-08-20,26.92,27.19,26.87,27.15,2117700
2021-08-19,27.08,27.22,26.85,26.96,2689900
2021-08-18,27.67,28.05,27.63,27.78,1993200
2021-08-17,27.85,27.98,27.67,27.89,1933600
2021-08-16,28.18,28.19,27.97,28.18,1690900
2021-08-13,28.6,28.65,28.41,28.44,1239300
2021-08-12,28.5,28.54,28.25,28.47,1485300
2021-08-11,28.55,28.67,28.48,28.63,1785400
2021-08-10,28.08,28.42,28.03,28.34,2118400
2021-08-09,28.37,28.53,28.28,28.39,1161400
2021-08-06,28.25,28.48,28.2,28.41,1871500
2021-08-05,27.87,28.12,27.81,28.11,1254200
2021-08-04,27.71,27.94,27.66,27.81,2189200
2021-08-03,27.68,27.9,27.33,27.86,2053900
2021-08-02,27.54,27.74,27.32,27.43,2920300
2021-07-30,27.67,27.93,27.51,27.57,1567800
2021-07-29,28.12,28.17,27.8,27.82,1345100
2021-07-28,27.34,27.78,27.34,27.71,2431000
2021-07-27,27.71,28.02,27.54,27.95,1905900
2021-07-26,27.63,27.97,27.63,27.81,2408100
2021-07-23,27.85,27.85,27.52,27.61,2388400
2021-07-22,27.84,27.86,27.47,27.52,1991000
2021-07-21,27.42,27.77,27.42,27.66,2055200
2021-07-20,26.51,27.13,26.46,27.04,2921600
2021-07-19,26.99,27.07,26.69,26.79,3036300
2021-07-16,28.04,28.08,27.63,27.7,3335800
2021-07-15,28.19,28.43,28.16,28.32,1510100
2021-07-14,28.77,28.89,28.38,28.55,1471900
2021-07-13,28.61,28.68,28.42,28.65,2055100
2021-07-12,28.29,28.75,28.16,28.63,1988500
2021-07-09,28.38,28.82,28.16,28.72,2070400
2021-07-08,28.19,28.33,28.0,28.17,2157700
2021-07-07,28.56,28.89,28.48,28.8,1649000
2021-07-06,29.06,29.06,28.54,28.71,1842700
2021-07-02,28.92,28.94,28.65,28.84,2816000
2021-07-01,29.1,29.19,29.01,29.18,1186500
2021-06-30,28.86,29.04,28.75,28.85,1234900
2021-06-29,29.24,29.35,28.95,28.97,1313700
2021-06-28,29.45,29.47,29.13,29.31,1398100
2021-06-25,29.76,29.87,29.65,29.78,1086500
2021-06-24,29.54,29.68,29.42,29.59,1115700
2021-06-23,29.57,29.68,29.34,29.41,1577900
2021-06-22,29.52,29.56,29.34,29.43,1593300
2021-06-21,29.56,29.78,29.51,29.74,2457500
2021-06-18,29.88,29.96,29.53,29.56,3386600
2021-06-17,31.09,31.14,30.45,30.58,2781900
2021-06-16,30.91,31.02,30.68,30.9,2464100
2021-06-15,30.58,31.0,30.56,30.83,2501200
2021-06-14,31.02,31.13,30.9,30.97,1909200
2021-06-11,30.65,30.86,30.55,30.85,1332300
2021-06-10,31.05,31.12,30.7,30.7,1753300
2021-06-09,31.07,31.1,30.83,30.86,1663500
2021-06-08,31.42,31.5,31.31,31.35,1129000
2021-06-07,31.61,31.62,31.46,31.53,1163800
2021-06-04,31.55,31.55,31.32,31.5,1335400
2021-06-03,31.8,31.88,31.49,31.54,2146500
2021-06-02,31.88,32.15,31.73,32.06,3002500
2021-06-01,31.69,31.86,31.61,31.65,2980000
2021-05-28,32.23,32.43,32.13,32.38,2305700
2021-05-27,31.78,32.03,31.75,31.96,2012000
2021-05-26,31.16,31.69,31.12,31.53,1181300
2021-05-25,31.86,31.99,31.46,31.51,1554700
2021-05-24,31.32,31.63,31.25,31.57,1798600
2021-05-21,31.53,31.56,31.32,31.43,996300
2021-05-20,31.44,31.58,31.32,31.49,1103000
2021-05-19,31.22,31.54,30.97,31.51,1736000
2021-05-18,31.73,31.87,31.43,31.43,1196800
2021-05-17,31.21,31.53,31.07,31.4,1879900
2021-05-14,31.46,31.79,31.44,31.73,2284500
2021-05-13,30.78,31.22,30.73,31.16,2265800
2021-05-12,31.24,31.41,30.76,30.81,2816100
2021-05-11,31.04,31.41,30.89,31.18,2175800
2021-05-10,32.0,32.17,31.79,31.81,1498100
2021-05-07,31.19,31.63,31.13,31.6,1079300
2021-05-06,31.61,31.68,31.35,31.62,1471700
2021-05-05,31.45,31.6,31.31,31.51,1814800
2021-05-04,30.9,31.04,30.48,30.71,2142400
2021-05-03,30.63,30.78,30.43,30.65,3101900
2021-04-30,31.53,31.56,31.18,31.22,1464300
2021-04-29,31.86,31.9,31.58,31.72,2535700
2021-04-28,30.65,30.97,30.63,30.83,2403000
2021-04-27,30.33,30.73,30.29,30.72,2871000
2021-04-26,29.28,29.48,29.27,29.33,2258900
2021-04-23,28.65,29.15,28.58,29.03,1050300
2021-04-22,28.7,28.92,28.56,28.62,2035200
2021-04-21,28.79,29.23,28.74,29.19,1223200
2021-04-20,29.34,29.37,29.0,29.06,2014700
2021-04-19,29.89,30.01,29.75,29.77,1885600
2021-04-16,29.46,29.64,29.4,29.59,1595500
2021-04-15,29.32,29.35,28.99,29.27,1545500
2021-04-14,29.19,29.61,29.19,29.48,2002000
2021-04-13,29.25,29.35,29.1,29.25,1595200
2021-04-12,29.8,29.92,29.62,29.74,1081500
2021-04-09,30.12,30.2,29.83,29.9,1604900
2021-04-08,30.09,30.31,29.83,30.29,3561800
2021-04-07,29.73,29.87,29.58,29.74,2142200
2021-04-06,29.5,29.7,29.32,29.35,1689600
2021-04-05,29.52,29.64,29.38,29.47,779300
2021-04-01,29.23,29.3,29.06,29.26,2433900
2021-03-31,29.38,29.44,29.08,29.14,2120900
2021-03-30,29.25,29.58,29.2,29.44,1790300
2021-03-29,28.94,29.12,28.76,28.98,1473900
2021-03-26,29.09,29.25,28.93,29.16,1735600
2021-03-25,28.57,29.11,28.56,29.03,2237200
2021-03-24,28.77,29.11,28.75,28.75,2480700
2021-03-23,29.1,29.32,29.0,29.02,1591100
2021-03-22,29.5,29.51,29.26,29.34,1678700
2021-03-19,29.59,30.0,29.31,29.94,3088800
2021-03-18,30.19,30.92,30.18,30.4,3788400
2021-03-17,29.84,30.03,29.61,29.84,2479800
2021-03-16,29.64,29.64,29.1,29.39,1770400
2021-03-15,29.54,29.59,29.21,29.58,1760900
2021-03-12,29.57,29.82,29.56,29.74,2153300
2021-03-11,29.69,29.84,29.48,29.58,2304400
2021-03-10,31.07,31.15,30.87,31.08,1993900
2021-03-09,31.07,31.15,30.86,30.91,2107800
2021-03-08,31.34,31.59,31.11,31.42,2678000
2021-03-05,30.74,30.76,30.09,30.64,2556700
2021-03-04,29.95,30.0,29.4,29.69,2733800
2021-03-03,30.01,30.31,29.97,30.03,2048000
2021-03-02,29.68,29.84,29.51,29.62,1939300
2021-03-01,29.3,29.5,29.17,29.37,2239700
2021-02-26,30.09,30.09,29.53,29.71,3278800
2021-02-25,31.15,31.21,30.06,30.18,4418500
2021-02-24,29.96,30.43,29.9,30.36,2489500
2021-02-23,29.96,30.24,29.69,29.85,2716100
2021-02-22,29.9,30.34,29.76,29.98,2766000
2021-02-19,29.7,29.91,29.49,29.56,1548300
2021-02-18,29.29,29.42,29.03,29.4,2195000
2021-02-17,29.69,29.95,29.59,29.91,1871200
2021-02-16,29.3,29.82,29.2,29.77,2646300
2021-02-12,27.6,27.86,27.58,27.8,1301300
2021-02-11,27.39,27.43,27.21,27.33,1054200
2021-02-10,27.76,27.79,27.45,27.54,1852100
2021-02-09,27.11,27.39,27.08,27.3,2330600
2021-02-08,26.91,27.03,26.69,26.83,2107100
2021-02-05,27.09,27.15,26.66,26.74,1587800
2021-02-04,26.8,27.05,26.8,26.96,2143600
2021-02-03,26.33,26.57,26.3,26.49,1646900
2021-02-02,26.46,26.73,26.41,26.59,1515900
2021-02-01,26.42,26.44,26.14,26.3,1203200
2021-01-29,26.47,26.52,26.06,26.15,2470200
2021-01-28,26.88,27.27,26.75,27.11,2074600
2021-01-27,27.53,27.56,27.21,27.29,1926600
2021-01-26,27.5,27.56,27.38,27.5,1751900
2021-01-25,27.21,27.4,27.08,27.3,2032200
2021-01-22,27.78,27.91,27.65,27.82,1340300
2021-01-21,28.61,28.64,28.24,28.45,2084400
2021-01-20,27.75,27.84,27.62,27.81,1193100
2021-01-19,27.98,28.03,27.73,28.01,1935000
2021-01-15,27.5,27.59,27.13,27.35,1907900
2021-01-14,27.65,28.0,27.64,27.79,2371000
2021-01-13,27.49,27.65,27.36,27.42,2211600
2021-01-12,28.0,28.08,27.84,28.01,1565100
2021-01-11,27.25,27.6,27.25,27.49,1661000
2021-01-08,28.03,28.08,27.65,27.87,2092000
2021-01-07,28.04,28.29,27.96,28.07,3532400
2021-01-06,27.57,28.32,27.5,28.21,7157300
2021-01-05,25.57,25.94,25.53,25.93,2697300
2021-01-04,26.06,26.18,25.66,25.74,2713300
2020-12-31,25.76,25.93,25.75,25.91,1314500
2020-12-30,26.16,26.18,25.85,25.94,1698600
2020-12-29,26.01,26.06,25.76,25.82,1646400
2020-12-28,25.94,25.98,25.79,25.85,2376900
2020-12-24,26.13,26.15,25.96,26.05,536500
2020-12-23,25.62,26.14,25.62,26.03,2789100
2020-12-22,25.64,25.68,25.45,25.53,1909900
2020-12-21,25.13,25.68,25.08,25.58,3313800
2020-12-18,26.58,26.58,26.0,26.2,2589600
2020-12-17,26.93,26.98,26.67,26.69,1688000
2020-12-16,26.79,26.91,26.57,26.66,1777200
2020-12-15,26.74,27.05,26.63,26.94,2977200
2020-12-14,27.04,27.13,26.65,26.68,2319900
2020-12-11,26.5,26.6,26.37,26.55,1852400
2020-12-10,26.31,27.18,26.31,26.78,3266600
2020-12-09,27.21,27.27,26.7,26.91,2448100
2020-12-08,26.51,26.74,26.49,26.62,2883600
2020-12-07,27.52,27.53,27.26,27.32,3040600
2020-12-04,28.62,28.74,28.3,28.37,2614100
2020-12-03,28.13,28.48,28.03,28.16,2750700
2020-12-02,27.46,27.95,27.38,27.78,3005600
2020-12-01,26.69,27.31,26.66,27.29,3364200
2020-11-30,26.39,26.42,25.87,25.89,3536400
2020-11-27,26.86,27.07,26.8,26.89,2204100
2020-11-25,26.6,26.79,26.33,26.75,2635700
2020-11-24,26.16,26.71,26.16,26.66,5645200
2020-11-23,25.46,25.62,25.46,25.61,2687600
2020-11-20,25.32,25.43,25.2,25.27,1933100
2020-11-19,25.14,25.39,25.02,25.38,2017100
2020-11-18,25.52,25.69,25.24,25.24,2212800
2020-11-17,24.67,24.95,24.52,24.91,2804700
2020-11-16,25.56,25.64,25.37,25.48,2717000
2020-11-13,24.43,24.61,24.4,24.53,2703800
2020-11-12,24.37,24.45,24.22,24.26,3298700
2020-11-11,25.35,25.6,25.07,25.31,5875600
2020-11-10,24.59,24.76,24.46,24.46,4017100
2020-11-09,24.52,24.74,24.34,24.59,7283900
2020-11-06,22.42,22.44,22.16,22.28,2312100
2020-11-05,21.9,22.13,21.81,22.02,2780400
2020-11-04,21.73,21.77,21.42,21.47,4185400
2020-11-03,22.44,22.69,22.32,22.54,6205600
2020-11-02,21.4,21.49,21.24,21.41,2516000
2020-10-30,20.91,21.0,20.73,20.98,3048000
2020-10-29,20.79,21.19,20.58,21.15,3685500
2020-10-28,20.72,20.8,20.43,20.51,3861600
2020-10-27,21.83,21.83,21.41,21.52,4722700
2020-10-26,21.07,21.08,20.65,20.73,5468500
2020-10-23,21.02,21.04,20.75,20.88,5142400
2020-10-22,19.85,20.25,19.84,20.17,2647700
2020-10-21,19.82,19.98,19.8,19.88,2030100
2020-10-20,19.86,20.09,19.83,19.91,2119800
2020-10-19,19.88,20.1,19.76,19.84,2858400
2020-10-16,19.63,19.8,19.58,19.71,1808600
2020-10-15,19.07,19.4,19.02,19.4,2195200
2020-10-14,19.44,19.54,19.23,19.23,2996600
2020-10-13,19.84,19.86,19.63,19.77,2888600
2020-10-12,20.25,20.25,20.09,20.25,2303200
2020-10-09,20.32,20.35,20.05,20.13,2152200
2020-10-08,20.32,20.4,20.21,20.32,2361800
2020-10-07,20.31,20.44,20.24,20.37,2584500
2020-10-06,20.23,20.36,19.94,19.99,4144900
2020-10-05,19.91,20.09,19.85,19.96,2690800
2020-10-02,19.54,20.06,19.53,19.87,4990800
2020-10-01,19.64,19.68,19.37,19.51,2858300
2020-09-30,19.53,19.71,19.49,19.58,4283300
2020-09-29,19.26,19.5,19.17,19.4,6594100
2020-09-28,19.8,19.99,19.64,19.96,6159800
2020-09-25,18.01,18.12,17.95,18.11,3674000
2020-09-24,18.4,18.54,18.2,18.39,3656000
2020-09-23,18.69,18.85,18.36,18.42,3992100
2020-09-22,18.69,18.78,18.26,18.35,4592200
2020-09-21,18.57,18.78,18.38,18.64,6124500
2020-09-18,19.85,19.9,19.7,19.73,4128100
2020-09-17,20.04,20.24,20.0,20.14,2274300
2020-09-16,20.33,20.56,20.26,20.39,2409200
2020-09-15,20.87,20.87,20.64,20.71,2528700
2020-09-14,20.82,20.86,20.62,20.64,2286600
2020-09-11,20.6,20.71,20.54,20.67,2486500
2020-09-10,21.01,21.12,20.69,20.71,2903000
2020-09-09,21.27,21.37,21.15,21.21,3462000
2020-09-08,20.93,21.0,20.8,20.87,3358800
2020-09-04,21.35,21.44,21.03,21.37,3747700
2020-09-03,21.33,21.52,20.99,21.06,4469800
2020-09-02,21.2,21.45,21.18,21.43,2818000
2020-09-01,21.27,21.39,21.1,21.24,3354500
2020-08-31,21.9,21.99,21.59,21.63,2542800
2020-08-28,22.13,22.15,21.94,22.04,2177600
2020-08-27,21.67,21.81,21.58,21.65,2418500
2020-08-26,21.86,21.91,21.75,21.82,2644100
2020-08-25,22.1,22.2,21.96,22.06,3699300
2020-08-24,21.77,22.25,21.71,22.25,4130600
2020-08-21,21.37,21.64,21.37,21.64,2742000
2020-08-20,21.56,21.72,21.53,21.72,2808000
2020-08-19,21.87,22.11,21.87,21.95,1954100
2020-08-18,22.05,22.07,21.84,21.89,2144900
2020-08-17,22.25,22.28,22.05,22.2,2297200
2020-08-14,22.13,22.35,22.12,22.28,1900000
2020-08-13,22.71,22.79,22.28,22.34,2615200
2020-08-12,23.39,23.4,23.08,23.12,4418200
2020-08-11,22.42,22.82,22.35,22.49,6771600
2020-08-10,21.38,21.77,21.35,21.69,3810500
2020-08-07,20.99,21.37,20.98,21.34,4322200
2020-08-06,21.21,21.43,21.21,21.38,3423300
2020-08-05,21.7,21.91,21.7,21.82,2673900
2020-08-04,21.63,21.98,21.58,21.91,2890600
2020-08-03,21.42,21.84,21.35,21.58,5068600
2020-07-31,22.58,22.67,22.34,22.65,5841300
2020-07-30,22.59,22.78,22.41,22.76,3823800
2020-07-29,23.45,23.59,23.27,23.57,3848900
2020-07-28,22.6,22.87,22.57,22.75,3262900
2020-07-27,22.72,22.81,22.55,22.67,2992000
2020-07-24,23.3,23.44,23.22,23.24,2420700
2020-07-23,23.46,23.54,23.29,23.35,3619600
2020-07-22,23.51,23.65,23.41,23.56,3284600
2020-07-21,24.2,24.3,23.96,24.16,2654800
2020-07-20,23.48,23.71,23.42,23.63,2315300
2020-07-17,23.82,23.84,23.57,23.61,2854300
2020-07-16,24.12,24.32,24.06,24.11,2670500
2020-07-15,24.26,24.4,24.15,24.27,3346200
2020-07-14,23.78,24.02,23.71,23.95,3731200
2020-07-13,23.99,24.09,23.78,23.89,3254000
2020-07-10,23.57,23.92,23.57,23.88,3519700
2020-07-09,23.87,23.88,23.43,23.52,4136600
2020-07-08,23.99,24.13,23.92,24.09,6168100
2020-07-07,24.78,24.93,24.56,24.6,3773500
2020-07-06,25.25,25.64,25.22,25.64,4810200
2020-07-02,24.13,24.38,24.03,24.26,4541000
2020-07-01,23.19,23.41,23.11,23.2,3684700
2020-06-30,23.18,23.43,23.12,23.33,4331900
2020-06-29,23.52,23.72,23.45,23.59,2835600
2020-06-26,23.9,23.9,23.33,23.36,3900300
2020-06-25,23.66,24.07,23.57,24.06,3873400
2020-06-24,23.91,23.91,23.46,23.52,3799700
2020-06-23,24.21,24.33,24.06,24.14,3493000
2020-06-22,23.69,23.85,23.6,23.68,3666300
2020-06-19,24.29,24.3,23.9,24.06,3628300
2020-06-18,23.58,23.72,23.52,23.7,3318700
2020-06-17,24.01,24.02,23.82,23.91,4177900
2020-06-16,24.52,24.58,23.89,24.14,4750900
2020-06-15,23.38,23.9,23.28,23.82,4298100
2020-06-12,24.04,24.22,23.51,23.98,5047600
2020-06-11,23.99,24.13,23.42,23.52,6515300
2020-06-10,25.66,25.71,25.2,25.29,4923700
2020-06-09,25.62,25.88,25.54,25.75,4818600
2020-06-08,26.7,26.76,26.15,26.67,6161500
2020-06-05,27.01,27.04,26.51,26.55,9976200
2020-06-04,24.87,25.23,24.77,25.15,4502900
2020-06-03,24.99,25.35,24.98,25.26,8289500
2020-06-02,24.14,24.25,23.96,24.15,5270300
2020-06-01,23.26,23.84,23.19,23.82,5091300
2020-05-29,22.99,23.13,22.67,23.05,7846000
2020-05-28,23.6,23.88,23.46,23.59,6665700
2020-05-27,24.35,24.42,24.04,24.17,6310100
2020-05-26,23.63,24.04,23.62,23.81,7400600
2020-05-22,23.33,23.43,22.96,22.97,7830200
2020-05-21,24.4,24.62,24.31,24.4,4311000
2020-05-20,25.16,25.31,25.08,25.13,3509600
2020-05-19,25.04,25.2,24.88,24.9,4313300
2020-05-18,24.92,25.37,24.89,25.26,5019900
2020-05-15,24.16,24.37,24.05,24.33,3705700
2020-05-14,23.96,24.6,23.88,24.54,5744500
2020-05-13,24.96,24.96,24.53,24.7,4114900
2020-05-12,25.6,25.62,25.03,25.03,3179100
2020-05-11,25.24,25.53,25.14,25.49,2868000
2020-05-08,25.68,25.76,25.52,25.63,2447100
2020-05-07,25.07,25.52,25.07,25.21,3561600
2020-05-06,24.91,24.95,24.73,24.82,3178600
2020-05-05,24.93,25.01,24.81,24.89,3439500
2020-05-04,24.78,24.81,24.54,24.76,3704900
2020-05-01,25.34,25.39,25.12,25.28,3700900
2020-04-30,25.98,26.02,25.61,25.73,2843000
2020-04-29,26.56,26.77,26.38,26.58,4871200
2020-04-28,26.0,26.17,25.77,25.88,4608300
2020-04-27,25.38,25.93,25.31,25.82,4985900
2020-04-24,25.16,25.18,24.69,24.98,2343400
2020-04-23,24.94,25.35,24.91,25.01,2688900
2020-04-22,25.12,25.16,24.81,24.97,3187400
2020-04-21,24.69,24.94,24.48,24.68,4815000
2020-04-20,25.62,26.0,25.49,25.52,4659000
2020-04-17,25.81,26.01,25.63,25.96,5217000
2020-04-16,25.28,25.39,25.03,25.26,4177700
2020-04-15,25.53,25.68,25.39,25.45,4751600
2020-04-14,26.91,27.15,26.72,26.85,4450400
2020-04-13,26.6,26.7,26.29,26.44,2393800
2020-04-09,26.19,26.95,26.17,26.76,5430600
2020-04-08,25.89,26.17,25.6,26.01,3658100
2020-04-07,26.16,26.22,25.49,25.6,5343900
2020-04-06,25.63,25.63,25.27,25.43,5738400
2020-04-03,24.36,24.5,24.12,24.33,4787200
2020-04-02,24.12,24.91,23.95,24.53,6857900
2020-04-01,25.35,25.8,25.1,25.14,8466600
2020-03-31,28.09,28.37,27.87,28.01,6349000
2020-03-30,28.42,28.91,28.27,28.86,4858800
2020-03-27,28.82,29.5,28.56,28.87,6997500
2020-03-26,29.3,30.21,29.22,30.13,7979500
2020-03-25,29.47,30.42,29.08,29.7,7512700
2020-03-24,29.32,30.08,28.84,29.59,7844200
2020-03-23,29.15,29.23,27.81,28.13,8219300
2020-03-20,29.6,29.66,28.59,28.81,7821300
2020-03-19,28.78,29.53,28.71,29.08,10479400
2020-03-18,28.43,29.13,27.99,28.6,12957900
2020-03-17,29.15,29.85,28.56,29.7,9833700
2020-03-16,26.93,28.7,26.83,28.14,6648800
2020-03-13,29.52,29.92,28.37,29.9,8070300
2020-03-12,28.66,28.86,27.7,28.55,9113600
2020-03-11,31.27,31.33,30.67,30.91,7740400
2020-03-10,31.71,31.75,30.82,31.67,10959700
2020-03-09,30.65,31.27,30.25,30.45,11090600
2020-03-06,31.93,32.34,31.86,32.26,5397600
2020-03-05,32.67,32.81,32.44,32.73,7171700
2020-03-04,32.99,33.26,32.7,33.23,6846700
2020-03-03,33.53,33.73,32.34,32.57,11539200
2020-03-02,33.27,33.78,32.95,33.77,7591400
2020-02-28,33.16,33.64,32.77,33.57,9456400
2020-02-27,34.22,34.51,33.78,33.82,7766500
2020-02-26,35.55,35.87,35.49,35.67,8365000
2020-02-25,35.36,35.4,34.66,34.82,5912300
2020-02-24,35.43,35.65,35.34,35.5,5695000
2020-02-21,36.21,36.46,36.11,36.46,4318400
2020-02-20,35.98,36.24,35.94,36.17,5853300
2020-02-19,36.35,36.35,36.12,36.23,7777900
2020-02-18,36.13,36.25,35.8,35.82,9250200
2020-02-14,38.39,38.4,37.72,37.94,5071000
2020-02-13,38.25,38.53,38.19,38.21,4016900
2020-02-12,38.49,38.61,38.45,38.6,1794000
2020-02-11,38.22,38.32,38.15,38.25,2362300
2020-02-10,37.35,37.44,37.22,37.44,1327600
2020-02-07,37.42,37.52,37.26,37.3,2172200
2020-02-06,37.17,37.21,37.03,37.1,1713100
2020-02-05,36.94,37.02,36.82,36.98,1575700
2020-02-04,36.72,36.76,36.5,36.54,1990500
2020-02-03,36.09,36.38,36.03,36.06,1980600
2020-01-31,36.5,36.53,36.13,36.29,2838000
2020-01-30,36.62,37.07,36.59,37.04,3015900
2020-01-29,36.9,36.92,36.58,36.7,1904700
2020-01-28,36.68,36.87,36.62,36.73,3447700
2020-01-27,36.53,36.75,36.37,36.51,3943600
2020-01-24,38.15,38.18,37.41,37.52,5358000
2020-01-23,37.87,37.87,37.45,37.72,2911300
2020-01-22,38.12,38.16,38.02,38.07,1783600
2020-01-21,38.18,38.24,37.92,37.93,2374600
2020-01-17,38.83,38.85,38.68,38.77,1213300
2020-01-16,38.32,38.65,38.29,38.62,1364600
2020-01-15,38.31,38.46,38.23,38.35,1264700
2020-01-14,38.32,38.49,38.28,38.38,1466300
2020-01-13,38.23,38.55,38.15,38.52,2120200
2020-01-10,38.32,38.34,38.13,38.14,1529500
2020-01-09,38.47,38.52,38.28,38.5,1542500
2020-01-08,37.9,38.38,37.9,38.25,2299600
2020-01-07,38.27,38.39,38.22,38.34,2638800
2020-01-06,38.28,38.65,38.28,38.63,1807500
2020-01-03,38.63,38.93,38.61,38.76,1694800
2020-01-02,39.14,39.37,39.08,39.37,2046900
2019-12-31,38.81,39.09,38.81,39.09,1321500
2019-12-30,39.18,39.21,38.95,38.98,1308900
2019-12-27,39.17,39.2,38.97,39.0,1401900
2019-12-26,38.75,38.92,38.73,38.92,1116900
2019-12-24,38.82,38.88,38.69,38.69,579900
2019-12-23,38.56,38.78,38.56,38.78,1651900
2019-12-20,39.06,39.12,38.87,38.89,1905100
2019-12-19,38.86,39.0,38.81,38.88,1373700
2019-12-18,39.01,39.19,38.96,39.03,1792200
2019-12-17,38.9,39.02,38.81,38.91,1582900
2019-12-16,39.27,39.27,38.91,38.92,2293000
2019-12-13,38.55,38.74,38.24,38.43,3773500
2019-12-12,37.5,38.0,37.45,37.93,3951500
2019-12-11,36.98,37.16,36.89,37.16,2748700
2019-12-10,36.85,36.87,36.69,36.71,1631000
2019-12-09,36.9,37.04,36.8,36.83,2625900
2019-12-06,36.95,36.98,36.72,36.87,2120300
2019-12-05,36.51,36.54,36.29,36.37,1910600
2019-12-04,36.39,36.56,36.31,36.47,2990300
2019-12-03,36.3,36.35,36.05,36.33,3648000
2019-12-02,36.97,37.0,36.73,36.81,3596600
2019-11-29,37.27,37.31,37.21,37.26,1197100
2019-11-27,37.74,37.76,37.6,37.62,4131000
2019-11-26,37.45,37.53,37.32,37.53,2238400
2019-11-25,37.53,37.6,37.44,37.59,1634000
2019-11-22,37.29,37.34,37.09,37.19,1680900
2019-11-21,36.82,36.91,36.7,36.84,2140300
2019-11-20,37.18,37.26,37.02,37.1,1946700
2019-11-19,37.87,37.87,37.38,37.44,2079700
2019-11-18,37.24,37.31,37.1,37.24,1967400
2019-11-15,36.78,37.04,36.74,37.01,5856800
2019-11-14,36.85,36.88,36.61,36.81,2654000
2019-11-13,36.75,37.02,36.74,36.9,2968100
2019-11-12,37.79,37.89,37.67,37.68,1858300
2019-11-11,37.47,37.82,37.46,37.71,1919100
2019-11-08,38.26,38.29,38.07,38.24,1627100
2019-11-07,38.55,38.63,38.37,38.44,2692200
2019-11-06,38.42,38.53,38.35,38.5,1957900
2019-11-05,38.43,38.52,38.37,38.43,1575200
2019-11-04,38.52,38.57,38.43,38.52,1896800
2019-11-01,37.78,38.12,37.75,38.07,2145400
2019-10-31,37.69,37.8,37.49,37.79,1667600
2019-10-30,37.81,37.97,37.64,37.93,1980100
2019-10-29,37.94,38.02,37.86,37.97,2099700
2019-10-28,38.02,38.22,38.0,38.09,5189100
2019-10-25,39.22,39.56,39.22,39.52,2189900
2019-10-24,39.67,39.69,39.38,39.46,2458500
2019-10-23,39.13,39.36,39.13,39.36,2799600
2019-10-22,39.36,39.53,39.2,39.21,2700200
2019-10-21,39.2,39.22,39.08,39.15,1297300
2019-10-18,38.68,38.84,38.65,38.73,1742200
2019-10-17,39.08,39.23,38.83,38.87,2406500
2019-10-16,38.84,38.9,38.63,38.66,2589400
2019-10-15,37.88,38.73,37.88,38.6,5600900
2019-10-14,38.07,38.36,38.06,38.24,6630500
2019-10-11,38.47,38.55,38.15,38.2,6553300
2019-10-10,36.64,36.94,36.56,36.9,2559400
2019-10-09,36.91,37.03,36.76,36.93,2461800
2019-10-08,36.74,36.83,36.54,36.68,2605100
2019-10-07,37.19,37.33,37.16,37.16,1898800
2019-10-04,36.82,37.25,36.77,37.21,2289800
2019-10-03,37.14,37.42,36.94,37.35,2888000
2019-10-02,37.31,37.33,37.03,37.13,3445500
2019-10-01,38.07,38.09,37.74,37.86,2880100
2019-09-30,38.44,38.6,38.27,38.27,1716400
2019-09-27,38.38,38.41,38.01,38.14,1729400
2019-09-26,38.42,38.49,38.1,38.1,2228500
2019-09-25,37.84,38.07,37.76,37.98,1197400
2019-09-24,38.08,38.18,37.84,37.91,1602400
2019-09-23,37.99,38.18,37.91,38.11,1220400
2019-09-20,38.38,38.46,38.12,38.16,2640800
2019-09-19,38.44,38.46,38.23,38.23,1197800
2019-09-18,38.08,38.27,38.02,38.2,1531100
2019-09-17,38.04,38.35,38.0,38.3,1838100
2019-09-16,38.54,38.62,38.33,38.39,2391600
2019-09-13,39.13,39.29,39.1,39.14,2659900
2019-09-12,38.39,38.82,38.34,38.74,2713600
2019-09-11,38.65,38.71,38.49,38.6,3324100
2019-09-10,38.04,38.13,37.77,38.12,4841300
2019-09-09,37.14,37.62,37.1,37.45,4295200
2019-09-06,36.98,36.98,36.83,36.9,1645700
2019-09-05,36.78,36.89,36.72,36.8,3022200
2019-09-04,36.82,36.82,36.67,36.72,4398600
2019-09-03,35.76,35.92,35.72,35.88,2868200
2019-08-30,36.18,36.2,35.84,35.9,2621800
2019-08-29,35.98,36.15,35.87,35.96,3380500
2019-08-28,35.49,35.63,35.35,35.53,2355300
2019-08-27,35.83,35.84,35.49,35.56,2604700
2019-08-26,35.81,35.86,35.56,35.6,1718900
2019-08-23,36.13,36.28,35.6,35.63,4864100
2019-08-22,36.24,36.29,36.07,36.2,1970100
2019-08-21,36.47,36.5,36.2,36.26,2403800
2019-08-20,36.36,36.4,36.13,36.17,2650800
2019-08-19,36.72,36.76,35.62,36.56,3778100
2019-08-16,36.04,36.28,35.99,36.12,4915600
2019-08-15,35.88,35.98,35.62,35.64,6716800
2019-08-14,36.29,36.41,36.0,36.0,10349000
2019-08-13,36.76,37.22,36.71,37.01,4210400
2019-08-12,36.81,37.06,36.72,36.79,4140400
2019-08-09,37.82,37.87,37.53,37.78,3493800
2019-08-08,38.11,38.43,37.98,38.35,3152700
2019-08-07,37.98,38.37,37.88,38.27,3152300
2019-08-06,38.62,38.62,38.07,38.32,3278800
2019-08-05,38.43,38.49,37.83,37.99,5503800
2019-08-02,39.41,39.42,39.03,39.36,2878000
2019-08-01,40.11,40.38,39.7,39.72,3585300
2019-07-31,40.1,40.3,39.92,40.16,2099800
2019-07-30,40.42,40.48,40.3,40.39,1471900
2019-07-29,40.83,40.94,40.6,40.6,1269400
2019-07-26,41.04,41.14,40.97,41.05,926300
2019-07-25,41.01,41.11,40.73,40.91,2571300
2019-07-24,41.04,41.14,41.0,41.09,1443600
2019-07-23,41.82,41.86,41.64,41.65,1472400
2019-07-22,41.4,41.45,41.24,41.43,1124500
2019-07-19,41.2,41.43,41.2,41.34,1380700
2019-07-18,41.4,41.45,41.27,41.43,948500
2019-07-17,41.42,41.44,41.18,41.23,1042300
2019-07-16,41.56,41.73,41.49,41.5,856200
2019-07-15,41.8,41.81,41.65,41.7,1036400
2019-07-12,41.68,41.72,41.6,41.63,883600
2019-07-11,41.67,41.74,41.6,41.7,1043100
2019-07-10,41.76,41.9,41.58,41.65,1193300
2019-07-09,41.74,41.86,41.66,41.84,1250600
2019-07-08,41.65,41.87,41.58,41.81,991400
2019-07-05,42.13,42.17,41.9,42.08,1028200
2019-07-03,42.04,42.16,42.03,42.1,751300
2019-07-02,42.02,42.15,41.96,42.08,1209000
2019-07-01,42.0,42.05,41.75,41.87,1219800
2019-06-28,41.67,41.87,41.56,41.74,1703400
2019-06-27,41.47,41.57,41.37,41.41,1267400
2019-06-26,41.39,41.41,41.14,41.16,1695100
2019-06-25,41.09,41.21,40.96,40.98,1164800
2019-06-24,41.05,41.27,41.02,41.06,902000
2019-06-21,41.11,41.32,41.03,41.1,2861400
2019-06-20,41.56,41.67,41.45,41.65,2226700
2019-06-19,41.61,41.62,41.4,41.42,1186100
2019-06-18,41.15,41.44,41.07,41.24,1701500
2019-06-17,41.0,41.04,40.6,40.64,1121500
2019-06-14,40.74,40.81,40.65,40.76,1684000
2019-06-13,41.19,41.2,40.98,41.05,1178700
2019-06-12,41.49,41.49,41.22,41.22,1507800
2019-06-11,41.88,41.9,41.72,41.75,1232200
2019-06-10,41.58,41.8,41.55,41.64,959900
2019-06-07,41.45,41.6,41.4,41.46,1411700
2019-06-06,41.03,41.26,40.91,41.18,1575100
2019-06-05,41.11,41.18,40.96,41.14,1450100
2019-06-04,41.09,41.26,40.98,41.19,1873200
2019-06-03,40.87,40.96,40.74,40.84,1837300
2019-05-31,40.56,40.83,40.5,40.77,2017600
2019-05-30,41.33,41.43,41.2,41.29,1927300
2019-05-29,41.17,41.58,41.17,41.56,2005000
2019-05-28,41.7,41.83,41.56,41.56,1573200
2019-05-24,41.96,42.06,41.87,42.0,978400
2019-05-23,41.69,41.83,41.51,41.81,1777700
2019-05-22,41.55,41.84,41.55,41.7,1583500
2019-05-21,41.66,41.83,41.57,41.68,1550400
2019-05-20,41.31,41.5,41.24,41.42,1857700
2019-05-17,41.58,41.83,41.55,41.61,1784100
2019-05-16,42.15,42.37,42.13,42.23,1561500
2019-05-15,42.22,42.67,42.13,42.56,1593300
2019-05-14,42.16,42.34,42.05,42.15,1500200
2019-05-13,42.26,42.37,42.0,42.07,1615700
2019-05-10,42.56,42.97,42.4,42.86,1450800
2019-05-09,42.2,42.82,42.12,42.78,2214100
2019-05-08,42.87,43.0,42.79,42.84,2055800
2019-05-07,43.28,43.29,43.02,43.15,2457200
2019-05-06,43.39,43.87,43.33,43.79,2412600
2019-05-03,44.53,44.93,44.49,44.7,2373900
2019-05-02,43.5,43.64,43.4,43.47,2154200
2019-05-01,43.52,43.62,43.19,43.2,2108300
2019-04-30,43.27,43.63,43.18,43.57,1825500
2019-04-29,43.14,43.38,43.14,43.3,1250500
2019-04-26,43.07,43.09,42.95,43.07,1025800
2019-04-25,42.52,42.85,42.48,42.76,1607300
2019-04-24,42.86,42.88,42.71,42.83,1134300
2019-04-23,43.06,43.23,43.01,43.15,1144700
2019-04-22,43.09,43.31,43.02,43.22,695400
2019-04-18,43.34,43.39,43.24,43.25,917400
2019-04-17,43.63,43.63,43.33,43.46,1443100
2019-04-16,43.33,43.44,43.18,43.33,1297600
2019-04-15,43.04,43.04,42.82,42.89,908000
2019-04-12,43.16,43.27,43.0,43.04,1618200
2019-04-11,42.66,42.75,42.47,42.59,1388000
2019-04-10,42.62,42.69,42.25,42.54,4159900
2019-04-09,42.77,42.79,42.56,42.63,1624800
2019-04-08,42.45,42.58,42.33,42.56,1140100
2019-04-05,42.6,42.66,42.42,42.48,1407400
2019-04-04,42.18,42.44,42.18,42.3,1447100
2019-04-03,42.61,42.72,42.5,42.55,2406100
2019-04-02,42.16,42.3,42.07,42.15,2877400
2019-04-01,41.39,41.84,41.36,41.76,3113300
2019-03-29,40.68,40.71,40.42,40.58,1968100
2019-03-28,40.38,40.52,40.28,40.51,2618900
2019-03-27,40.59,40.72,40.31,40.65,2269800
2019-03-26,40.56,40.64,40.41,40.58,1508300
2019-03-25,40.56,40.66,40.35,40.43,2316200
2019-03-22,40.66,40.72,40.34,40.42,2574300
2019-03-21,41.2,41.27,40.99,41.07,3258600
2019-03-20,41.33,41.46,41.19,41.21,1949500
2019-03-19,41.49,41.61,41.31,41.38,2119500
2019-03-18,41.42,41.57,41.31,41.53,2314800
2019-03-15,41.13,41.47,41.13,41.41,2898200
2019-03-14,41.14,41.28,41.02,41.14,2359300
2019-03-13,40.98,41.17,40.91,41.12,1975700
2019-03-12,41.0,41.13,40.98,41.07,1232700
2019-03-11,40.94,41.07,40.92,41.01,1770800
2019-03-08,40.65,40.91,40.65,40.87,1630600
2019-03-07,40.94,40.97,40.69,40.87,2177500
2019-03-06,41.08,41.14,40.92,40.97,1071500
2019-03-05,40.88,41.12,40.81,41.0,1677900
2019-03-04,40.7,40.79,40.51,40.68,2050100
2019-03-01,40.77,40.95,40.49,40.61,2006400
2019-02-28,40.87,41.15,40.78,40.83,2357400
2019-02-27,40.98,41.19,40.94,41.13,1823800
2019-02-26,40.54,40.85,40.52,40.76,1667600
2019-02-25,40.66,40.76,40.53,40.59,1952800
2019-02-22,40.72,40.77,40.6,40.71,1601300
2019-02-21,40.95,40.96,40.66,40.81,2306100
2019-02-20,41.84,42.22,41.77,42.13,3107900
2019-02-19,41.16,41.55,40.93,41.52,6951900
2019-02-15,42.79,42.92,42.65,42.8,1562100
2019-02-14,42.24,42.53,42.13,42.37,2038700
2019-02-13,42.55,42.68,42.3,42.33,1592400
2019-02-12,42.03,42.16,41.97,42.1,1085800
2019-02-11,41.81,41.92,41.65,41.68,1515900
2019-02-08,41.6,41.75,41.46,41.75,974000
2019-02-07,42.0,42.1,41.61,41.82,1048200
2019-02-06,42.22,42.37,42.05,42.1,1242000
2019-02-05,42.17,42.37,42.09,42.34,901900
2019-02-04,41.77,41.99,41.72,41.97,1492500
2019-02-01,41.58,41.95,41.53,41.71,1496700
2019-01-31,41.9,42.14,41.78,42.13,1925700
2019-01-30,42.57,42.68,42.32,42.48,1879800
2019-01-29,42.2,42.35,42.04,42.08,1605200
2019-01-28,41.53,41.69,41.44,41.62,1331300
